预测结果Y,预测训练结果概率_铅钡,预测训练结果概率_高钾,氧化钡(BaO),氧化铅(PbO),氧化钾(K2O),文物编号
高钾,2.88E-06,0.999997117,-3.400238259,-3.400238259,-3.400238259,A1
铅钡,0.987068153,0.012931847,-2.55200695,5.58830859,-2.55200695,A2
铅钡,0.950728485,0.049271515,1.635249508,3.768140866,0.397301626,A3
铅钡,0.90503361,0.09496639,2.076392966,3.148586323,-0.276788976,A4
铅钡,0.734564601,0.265435399,0.648439898,2.382223626,-1.115920597,A5
高钾,0.003993947,0.996006053,-2.697557692,-2.697557692,2.207717087,A6
高钾,0.003987142,0.996012858,-2.681945373,-2.681945373,1.903022105,A7
铅钡,0.945893165,0.054106835,2.97234507,3.599894968,-0.925667199,A8
